cigar,3
rebut,4
sissy,3
humph,4
awake,3
blush,3
focal,4
evade,4
naval,4
serve,3
heath,3
dwarf,3
model,4
karma,4
stink,4
grade,3
quiet,4
bench,3
abate,3
feign,4
major,4
death,2
fresh,3
crust,3
stool,3
colon,3
abase,3
marry,4
react,3
batty,3
pride,4
floss,2
helix,4
croak,4
staff,3
paper,4
unfed,3
whelp,4
trawl,3
outdo,4
adobe,4
crazy,5
sower,3
repay,5
digit,4
crate,3
cluck,3
spike,4
mimic,3
pound,4
maxim,5
linen,3
unmet,4
flesh,3
booby,4
forth,3
first,3
stand,5
belly,3
ivory,4
seedy,3
print,3
yearn,3
drain,3
bribe,4
stout,5
panel,3
crass,3
flume,4
offal,3
agree,3
error,3
swirl,3
argue,3
bleed,3
delta,2
flick,4
totem,4
wooer,4
front,3
shrub,4
parry,4
biome,3
lapel,3
start,4
greet,4
goner,3
golem,4
lusty,2
loopy,3
round,3
audit,4
lying,3
gamma,4
labor,3
islet,2
civic,4
forge,3
corny,3
moult,3
basic,3
salad,3
agate,3
spicy,3
spray,3
essay,3
fjord,4
spend,4
kebab,4
guild,4
aback,3
motor,3
alone,4
hatch,5
hyper,4
thumb,3
dowry,3
ought,3
belch,4
dutch,4
pilot,3
tweed,3
comet,3
jaunt,4
enema,3
steed,3
abyss,3
growl,3
fling,3
dozen,3
boozy,5
erode,4
world,4
gouge,3
click,3
briar,4
great,3
altar,3
pulpy,4
blurt,3
coast,4
duchy,4
groin,4
fixer,5
group,3
rogue,4
badly,4
smart,3
pithy,4
gaudy,4
chill,4
heron,3
vodka,4
finer,3
surer,4
radio,3
rouge,4
perch,4
retch,4
wrote,3
clock,3
tilde,3
store,4
prove,4
bring,3
solve,3
cheat,3
grime,3
exult,3
usher,3
epoch,4
triad,3
break,4
rhino,4
viral,4
conic,4
masse,3
sonic,3
vital,3
trace,2
using,3
peach,3
champ,5
baton,3
brake,3
pluck,4
craze,5
gripe,4
weary,3
picky,4
acute,2
ferry,5
aside,3
tapir,3
troll,3
unify,4
rebus,3
boost,3
truss,3
siege,3
tiger,4
banal,3
slump,3
crank,3
gorge,3
query,5
drink,4
favor,4
abbey,3
tangy,4
panic,4
solar,2
shire,3
proxy,4
point,4
robot,4
prick,4
wince,3
crimp,4
knoll,3
sugar,3
whack,3
mount,3
perky,5
could,3
wrung,4
light,3
those,3
moist,6
shard,3
pleat,4
aloft,2
skill,2
elder,3
frame,4
humor,4
pause,4
ulcer,3
ultra,3
robin,4
cynic,4
agora,3
aroma,4
caulk,4
shake,4
pupal,4
dodge,3
swill,4
tacit,3
other,4
thorn,4
trove,3
bloke,3
vivid,4
spill,3
chant,3
choke,3
rupee,4
nasty,3
mourn,3
ahead,3
brine,3
cloth,3
hoard,4
sweet,4
month,3
lapse,3
watch,6
today,3
focus,3
smelt,2
tease,2
cater,3
movie,3
lynch,4
saute,2
allow,3
renew,3
their,3
slosh,3
purge,4
chest,3
depot,4
epoxy,4
nymph,4
found,4
shall,3
harry,5
stove,5
lowly,3
snout,4
trope,3
fewer,4
shawl,3
natal,3
fibre,3
comma,3
foray,4
scare,3
stair,3
black,3
squad,4
royal,3
chunk,3
mince,4
slave,2
shame,5
cheek,3
ample,4
flair,3
foyer,6
cargo,3
oxide,3
plant,3
olive,3
inert,3
askew,3
heist,4
shown,3
zesty,3
hasty,3
trash,2
fella,3
larva,3
forgo,4
story,5
hairy,5
train,3
homer,4
badge,3
midst,3
canny,4
fetus,3
butch,3
farce,4
slung,3
tipsy,3
metal,3
yield,4
delve,3
being,4
scour,3
glass,4
gamer,3
scrap,3
money,5
hinge,4
album,3
vouch,4
asset,2
tiara,3
crept,4
bayou,3
atoll,4
manor,3
creak,4
showy,4
phase,4
froth,4
depth,3
gloom,4
flood,3
trait,3
girth,4
piety,3
payer,4
goose,3
float,3
donor,3
atone,2
primo,4
apron,3
blown,4
cacao,3
loser,2
input,3
gloat,4
awful,4
brink,4
smite,2
beady,3
rusty,3
retro,4
droll,3
gawky,4
hutch,5
pinto,3
gaily,4
egret,3
lilac,4
sever,3
field,3
fluff,3
hydro,4
flack,5
agape,4
wench,4
voice,4
stead,2
stalk,2
berth,3
madam,4
night,3
bland,3
liver,4
wedge,5
augur,4
roomy,4
wacky,4
flock,4
angry,3
bobby,4
trite,3
aphid,4
tryst,4
midge,3
power,4
elope,3
cinch,3
motto,4
stomp,3
upset,4
bluff,3
cramp,3
quart,4
coyly,4
youth,3
rhyme,4
buggy,4
alien,3
smear,4
unfit,4
patty,3
cling,3
glean,3
label,4
hunky,4
khaki,4
poker,4
gruel,5
twice,3
twang,3
shrug,4
treat,3
unlit,3
waste,5
merit,3
woven,5
octal,4
needy,4
clown,3
widow,4
irony,5
ruder,4
gauze,4
chief,3
onset,4
prize,5
fungi,3
charm,4
gully,4
inter,4
whoop,4
taunt,3
leery,3
class,4
theme,3
lofty,3
tibia,3
booze,4
alpha,3
thyme,4
eclat,3
doubt,3
parer,4
chute,3
stick,3
trice,3
alike,2
sooth,3
recap,4
saint,3
liege,3
glory,4
grate,2
admit,3
brisk,3
soggy,4
usurp,3
scald,3
scorn,3
leave,2
twine,3
sting,3
bough,3
marsh,3
sloth,2
dandy,4
vigor,5
howdy,5
enjoy,3
valid,4
ionic,3
equal,3
unset,3
floor,4
catch,4
spade,3
stein,3
exist,3
quirk,4
denim,3
grove,4
spiel,3
mummy,5
fault,3
foggy,4
flout,3
carry,3
sneak,3
libel,4
waltz,2
aptly,3
piney,3
inept,4
aloud,3
photo,4
dream,4
stale,2
vomit,4
ombre,4
fanny,4
unite,3
snarl,3
baker,5
there,3
glyph,3
pooch,3
hippy,4
spell,4
folly,4
louse,3
gulch,4
vault,4
godly,3
threw,4
fleet,3
grave,3
inane,4
shock,3
crave,4
spite,3
valve,4
skimp,3
claim,3
rainy,4
musty,3
pique,4
daddy,4
quasi,3
arise,3
aging,3
valet,3
opium,4
avert,3
stuck,3
recut,5
mulch,5
genre,3
plume,3
rifle,3
count,3
incur,3
total,3
wrest,3
mocha,3
deter,2
study,4
lover,4
safer,3
rivet,3
funny,4
smoke,4
mound,4
undue,4
sedan,3
pagan,3
swine,4
guile,3
gusty,3
equip,3
tough,4
canoe,3
chaos,3
covet,4
human,4
udder,4
lunch,4
blast,2
stray,3
manga,4
melee,4
lefty,2
quick,4
paste,3
given,3
octet,3
risen,3
groan,4
leaky,3
grind,4
carve,3
loose,2
sadly,3
spilt,2
apple,4
slack,3
honey,4
final,4
sheen,3
eerie,3
minty,3
slick,3
derby,4
wharf,3
spelt,3
coach,3
erupt,4
singe,4
price,4
spawn,4
fairy,4
jiffy,4
filmy,3
stack,3
chose,3
sleep,3
ardor,4
nanny,5
niece,4
woozy,5
handy,4
grace,4
ditto,3
stank,3
cream,3
usual,3
diode,4
valor,4
angle,2
ninja,4
muddy,4
chase,3
reply,4
prone,5
spoil,3
heart,3
shade,3
diner,2
arson,3
onion,4
sleet,2
dowel,4
couch,3
palsy,3
bowel,3
smile,2
evoke,4
creek,3
lance,3
eagle,3
idiot,4
siren,3
built,3
embed,3
award,3
dross,3
annul,3
goody,3
frown,4
patio,3
laden,3
humid,4
elite,2
lymph,3
edify,3
might,4
reset,3
visit,3
gusto,3
purse,3
vapor,4
crock,4
write,4
sunny,4
loath,2
chaff,4
slide,3
queer,5
venom,5
stamp,4
sorry,3
still,3
acorn,3
aping,4
pushy,5
tamer,4
hater,4
mania,4
awoke,4
brawn,3
swift,4
exile,3
birch,3
lucky,4
freer,5
risky,3
ghost,4
plier,3
lunar,3
winch,5
snare,3
nurse,3
house,3
borax,3
nicer,3
lurch,4
exalt,3
about,5
savvy,4
toxin,3
tunic,3
pried,5
inlay,4
chump,4
lanky,4
cress,3
eater,3
elude,3
cycle,4
kitty,5
boule,3
moron,3
tenet,4
place,4
lobby,4
plush,4
vigil,4
index,3
blink,4
clung,3
qualm,3
croup,3
clink,4
juicy,4
stage,2
decay,3
nerve,3
flier,3
shaft,3
crook,5
clean,3
china,3
ridge,4
vowel,5
gnome,3
snuck,3
icing,3
spiny,3
rigor,4
snail,3
flown,3
rabid,3
prose,3
thank,3
poppy,5
budge,3
fiber,4
moldy,3
dowdy,4
kneel,3
track,3
caddy,4
quell,4
dumpy,3
paler,3
swore,4
rebar,3
scuba,3
splat,2
flyer,4
horny,3
mason,3
doing,3
ozone,3
amply,3
molar,3
ovary,3
beset,3
queue,4
cliff,3
magic,4
truce,3
sport,3
fritz,4
edict,3
twirl,3
verse,3
llama,4
eaten,3
range,3
whisk,4
hovel,4
rehab,4
macaw,3
sigma,4
spout,4
verve,4
sushi,3
dying,3
fetid,3
brain,3
buddy,4
thump,4
scion,4
candy,3
chord,3
basin,4
march,3
crowd,4
arbor,4
gayly,4
musky,4
stain,4
dally,4
bless,2
bravo,3
stung,3
title,3
ruler,3
kiosk,4
blond,3
ennui,3
layer,4
fluid,4
tatty,6
score,3
cutie,3
zebra,4
barge,3
matey,4
bluer,3
aider,4
shook,4
river,3
privy,4
betel,3
frisk,4
bongo,3
begun,4
azure,4
weave,5
genie,3
sound,4
glove,4
braid,3
scope,3
wryly,4
rover,4
assay,3
ocean,3
bloom,4
irate,4
later,3
woken,4
silky,3
wreck,4
dwelt,3
slate,1
smack,3
solid,3
amaze,4
hazel,4
wrist,3
jolly,4
globe,3
flint,2
rouse,3
civil,4
vista,3
relax,3
cover,5
alive,3
beech,3
jetty,3
bliss,3
vocal,5
often,4
dolly,3
eight,3
joker,7
since,3
event,4
ensue,3
shunt,3
diver,3
poser,3
worst,3
sweep,3
alley,3
creed,4
anime,3
leafy,2
bosom,3
dunce,4
stare,4
pudgy,4
waive,4
choir,4
stood,3
spoke,3
outgo,4
delay,3
bilge,3
ideal,3
clasp,3
seize,4
hotly,3
laugh,4
sieve,4
block,3
meant,3
grape,4
noose,4
hardy,4
shied,3
drawl,4
daisy,3
putty,3
strut,3
burnt,3
tulip,2
crick,4
idyll,3
vixen,4
furor,3
geeky,4
cough,4
naive,3
shoal,3
stork,4
bathe,3
aunty,4
check,4
prime,4
brass,3
outer,4
furry,3
razor,4
elect,3
evict,4
imply,4
demur,4
quota,4
haven,3
cavil,4
swear,5
crump,4
dough,4
gavel,4
wagon,3
salon,3
nudge,3
harem,4
pitch,5
sworn,5
pupil,4
excel,3
stony,3
cabin,3
unzip,5
queen,4
trout,3
polyp,4
earth,2
storm,4
until,3
taper,5
enter,3
child,4
adopt,4
minor,4
fatty,5
husky,3
brave,4
filet,3
slime,4
glint,3
tread,3
steal,2
regal,3
guest,3
every,4
murky,4
share,3
spore,3
hoist,4
buxom,4
inner,3
otter,3
dimly,3
level,4
sumac,4
donut,3
stilt,3
arena,3
sheet,3
scrub,3
fancy,4
slimy,3
pearl,3
silly,3
porch,3
dingo,4
sepia,3
amble,3
shady,3
bread,3
friar,4
reign,3
dairy,4
quill,5
cross,3
brood,3
tuber,4
shear,3
posit,3
blank,3
villa,4
shank,3
piggy,4
freak,5
which,4
among,4
fecal,4
shell,3
would,4
algae,3
large,3
rabbi,4
agony,3
amuse,2
bushy,4
copse,3
swoon,4
knife,4
pouch,3
ascot,3
plane,3
crown,3
urban,3
snide,3
relay,4
abide,3
viola,4
rajah,4
straw,4
dilly,2
crash,3
amass,3
third,4
trick,3
tutor,4
woody,5
blurb,4
grief,4
disco,3
where,4
sassy,3
beach,3
sauna,3
comic,4
clued,3
creep,4
caste,3
graze,5
snuff,4
frock,3
gonad,4
drunk,3
prong,3
lurid,4
steel,3
halve,3
buyer,5
vinyl,3
utile,3
smell,3
adage,3
worry,4
tasty,3
local,3
trade,3
finch,3
ashen,2
modal,3
gaunt,4
clove,4
enact,2
adorn,3
roast,3
speck,3
sheik,3
missy,4
grunt,4
snoop,3
party,2
touch,3
mafia,4
emcee,4
array,3
south,4
vapid,4
jelly,4
skulk,3
angst,2
tubal,3
lower,3
crest,3
sweat,3
cyber,6
adore,3
tardy,4
swami,3
notch,3
groom,4
roach,4
hitch,4
young,5
align,3
ready,3
frond,4
strap,3
puree,3
realm,4
venue,4
swarm,3
offer,5
seven,4
dryer,4
diary,3
dryly,3
drank,3
acrid,3
heady,3
theta,3
junto,3
pixie,3
quoth,3
bonus,3
shalt,3
penne,4
amend,3
datum,4
build,3
piano,3
shelf,2
lodge,3
suing,3
rearm,3
coral,3
ramen,3
worth,4
psalm,2
infer,3
overt,4
mayor,4
ovoid,4
glide,3
usage,3
poise,4
randy,4
chuck,3
prank,5
fishy,3
tooth,4
ether,3
drove,4
idler,4
swath,2
stint,3
while,4
begat,3
apply,4
slang,3
tarot,3
radar,4
credo,3
aware,3
canon,3
shift,3
timer,4
bylaw,3
serum,4
three,3
steak,3
iliac,3
shirk,3
blunt,3
puppy,5
penal,3
joist,5
bunny,3
shape,3
beget,3
wheel,3
adept,3
stunt,4
stole,2
topaz,4
chore,3
fluke,3
afoot,4
bloat,3
bully,4
dense,3
caper,4
sneer,3
boxer,5
jumbo,4
lunge,3
space,3
avail,3
short,4
slurp,4
loyal,4
flirt,3
pizza,4
conch,3
tempo,4
droop,4
plate,3
bible,3
plunk,4
afoul,3
savoy,3
steep,3
agile,3
stake,3
dwell,3
knave,4
beard,3
arose,4
motif,3
smash,3
broil,4
glare,3
shove,4
baggy,4
mammy,4
swamp,4
along,3
rugby,4
wager,4
quack,4
squat,3
snaky,3
debit,3
mange,3
skate,2
ninth,3
joust,3
tramp,3
spurn,3
medal,3
micro,4
rebel,3
flank,4
learn,4
nadir,3
maple,5
comfy,3
remit,4
gruff,4
ester,3
least,2
mogul,4
fetch,3
cause,3
oaken,4
aglow,3
meaty,3
gaffe,4
shyly,3
racer,3
prowl,4
thief,4
stern,4
poesy,3
rocky,3
tweet,3
waist,3
spire,3
grope,3
havoc,3
patsy,3
truly,3
forty,3
deity,3
uncle,3
swish,4
giver,4
preen,4
bevel,3
lemur,3
draft,3
slope,3
annoy,3
lingo,3
bleak,3
ditty,4
curly,4
cedar,3
dirge,3
grown,4
horde,4
drool,3
shuck,3
crypt,3
cumin,3
stock,3
gravy,4
locus,2
wider,5
breed,4
quite,3
chafe,3
cache,4
blimp,3
deign,3
fiend,3
logic,3
cheap,4
elide,3
rigid,4
false,2
renal,4
pence,3
rowdy,4
shoot,3
blaze,5
envoy,4
posse,5
brief,3
never,3
abort,4
mouse,4
mucky,3
sulky,3
fiery,3
media,4
trunk,4
yeast,4
clear,3
skunk,3
scalp,3
bitty,3
cider,3
koala,3
duvet,3
segue,3
creme,3
super,3
grill,4
after,4
owner,4
ember,4
reach,3
nobly,4
empty,3
speed,3
gipsy,4
recur,4
smock,4
dread,4
merge,3
burst,3
kappa,4
amity,3
shaky,3
hover,4
carol,3
snort,3
synod,4
faint,3
haunt,4
flour,3
chair,3
detox,3
shrew,3
tense,2
plied,3
quark,4
burly,3
novel,4
waxen,5
stoic,3
jerky,4
blitz,2
beefy,4
lyric,4
hussy,4
towel,2
quilt,5
below,3
bingo,3
wispy,4
brash,3
scone,4
toast,3
easel,2
saucy,3
value,4
spice,3
honor,4
route,3
sharp,4
bawdy,4
radii,4
skull,3
phony,4
issue,4
lager,3
swell,5
urine,4
gassy,3
trial,3
flora,4
upper,5
latch,4
wight,6
brick,3
retry,4
holly,4
decal,3
grass,4
shack,3
dogma,4
mover,4
defer,3
sober,5
optic,3
crier,3
vying,4
nomad,4
flute,3
hippo,4
shark,3
drier,3
obese,3
bugle,3
tawny,3
chalk,3
feast,3
ruddy,4
pedal,2
scarf,3
cruel,4
bleat,2
tidal,3
slush,3
semen,3
windy,4
dusty,3
sally,3
igloo,4
nerdy,3
jewel,3
shone,3
whale,3
hymen,4
abuse,3
fugue,4
elbow,4
crumb,3
pansy,4
welsh,3
syrup,3
terse,3
suave,4
gamut,4
swung,5
drake,3
freed,4
afire,3
shirt,4
grout,4
oddly,4
tithe,3
plaid,3
dummy,4
broom,5
blind,3
torch,3
enemy,4
again,3
tying,4
pesky,3
alter,3
gazer,4
noble,3
ethos,3
bride,4
extol,3
decor,3
hobby,5
beast,2
idiom,3
utter,4
these,3
sixth,2
alarm,3
erase,3
elegy,3
spunk,3
piper,5
scaly,4
scold,4
hefty,4
chick,3
sooty,3
canal,4
whiny,4
slash,4
quake,4
joint,3
swept,3
prude,4
heavy,4
wield,4
femme,4
lasso,3
maize,3
shale,3
screw,3
spree,3
smoky,4
whiff,4
scent,3
glade,3
spent,2
prism,3
stoke,2
riper,4
orbit,4
cocoa,3
guilt,4
humus,3
shush,4
table,3
smirk,4
wrong,4
noisy,3
alert,3
shiny,3
elate,2
resin,3
whole,3
hunch,4
pixel,4
polar,3
hotel,3
sword,3
cleat,3
mango,4
rumba,3
puffy,4
filly,4
billy,3
leash,2
clout,4
dance,4
ovate,4
facet,3
chili,3
paint,4
liner,3
curio,3
salty,2
audio,3
snake,3
fable,4
cloak,3
navel,4
spurt,3
pesto,3
balmy,4
flash,3
unwed,4
early,4
churn,3
weedy,3
stump,3
lease,2
witty,6
wimpy,5
spoof,3
saner,4
blend,3
salsa,4
thick,4
warty,3
manic,3
blare,3
squib,3
spoon,3
probe,4
crepe,4
knack,3
force,3
debut,4
order,4
haste,3
teeth,3
agent,4
widen,3
icily,3
slice,2
ingot,3
clash,2
juror,4
blood,3
abode,3
throw,4
unity,4
pivot,4
slept,3
troop,4
spare,3
sewer,3
parse,3
morph,5
cacti,3
tacky,4
spool,4
demon,3
moody,4
annex,3
begin,3
fuzzy,5
patch,4
water,5
lumpy,4
admin,3
omega,3
limit,3
tabby,4
macho,3
aisle,3
skiff,4
basis,3
plank,3
verge,4
botch,4
crawl,3
lousy,3
slain,2
cubic,4
raise,4
wrack,3
guide,3
foist,3
cameo,3
under,3
actor,3
revue,4
fraud,4
harpy,3
scoop,3
climb,3
refer,5
olden,3
clerk,3
debar,4
tally,3
ethic,4
cairn,3
tulle,3
ghoul,4
hilly,5
crude,4
apart,3
scale,2
older,4
plain,4
sperm,3
briny,5
abbot,3
rerun,4
quest,4
crisp,3
bound,4
befit,3
drawn,3
suite,4
itchy,4
cheer,4
bagel,4
guess,3
broad,4
axiom,3
chard,3
caput,3
leant,2
harsh,3
curse,3
proud,4
swing,4
opine,3
taste,4
lupus,3
gumbo,3
miner,4
green,3
chasm,4
lipid,3
topic,3
armor,5
brush,3
crane,3
mural,3
abled,3
habit,3
bossy,4
maker,4
dusky,4
dizzy,4
lithe,2
brook,4
jazzy,5
fifty,4
sense,4
giant,4
surly,4
legal,4
fatal,3
flunk,4
began,3
prune,3
small,3
slant,2
scoff,4
torus,3
ninny,4
covey,4
viper,4
taken,3
moral,2
vogue,4
owing,3
token,4
entry,3
booth,3
voter,4
chide,4
elfin,3
ebony,4
neigh,4
minim,4
melon,4
kneed,4
decoy,4
voila,4
ankle,3
arrow,3
mushy,3
tribe,3
cease,2
eager,3
birth,3
graph,4
odder,3
terra,3
weird,3
tried,3
clack,4
color,4
rough,4
weigh,4
uncut,4
ladle,4
strip,3
craft,3
minus,3
dicey,3
titan,3
lucid,3
vicar,3
dress,4
ditch,3
gypsy,4
pasta,3
taffy,4
flame,4
swoop,4
aloof,3
sight,3
broke,4
teary,3
chart,3
sixty,3
wordy,3
sheer,3
leper,3
nosey,3
bulge,3
savor,3
clamp,3
funky,4
foamy,4
toxic,4
brand,3
plumb,3
dingy,3
butte,3
drill,3
tripe,3
bicep,3
tenor,3
krill,5
worse,4
drama,3
hyena,3
think,4
ratio,4
cobra,3
basil,3
scrum,4
bused,3
phone,4
court,3
camel,4
proof,5
heard,3
angel,4
petal,4
pouty,3
throb,3
maybe,3
fetal,2
sprig,3
spine,4
shout,4
cadet,3
macro,3
dodgy,4
satyr,2
rarer,4
binge,3
trend,3
nutty,3
leapt,3
amiss,2
split,3
myrrh,3
width,4
sonar,3
tower,4
baron,3
fever,4
waver,5
spark,3
belie,3
sloop,3
expel,4
smote,3
baler,4
above,4
north,3
wafer,4
scant,3
frill,3
awash,3
snack,4
scowl,3
frail,3
drift,3
limbo,4
fence,4
motel,4
ounce,3
wreak,6
revel,5
talon,3
prior,4
knelt,4
cello,4
flake,3
debug,3
anode,3
crime,4
salve,2
scout,3
imbue,4
pinky,5
stave,5
vague,4
chock,3
fight,3
video,3
stone,3
teach,3
cleft,2
frost,3
prawn,4
booty,3
twist,4
apnea,4
stiff,4
plaza,3
ledge,3
tweak,3
board,3
grant,4
medic,4
bacon,3
cable,3
brawl,3
slunk,3
raspy,3
forum,3
drone,4
women,3
mucus,3
boast,3
toddy,4
coven,4
tumor,4
truer,4
wrath,2
stall,3
steam,4
axial,4
purer,4
daily,3
trail,2
niche,4
mealy,3
juice,4
nylon,3
plump,4
merry,3
flail,3
papal,4
wheat,4
berry,4
cower,4
erect,3
brute,3
leggy,4
snipe,3
sinew,3
skier,4
penny,4
jumpy,4
rally,3
umbra,4
scary,4
modem,4
gross,4
avian,4
greed,4
satin,3
tonic,4
parka,4
sniff,3
livid,4
stark,3
trump,4
giddy,4
reuse,3
taboo,4
avoid,4
quote,3
devil,4
liken,3
gloss,3
gayer,4
beret,3
noise,3
gland,4
dealt,3
sling,3
rumor,5
opera,4
thigh,4
tonga,3
flare,3
wound,5
white,3
bulky,3
etude,3
horse,3
circa,3
paddy,5
inbox,4
fizzy,4
grain,4
exert,4
surge,4
gleam,3
belle,3
salvo,4
crush,3
fruit,3
sappy,3
taker,3
tract,3
ovine,4
spiky,4
frank,4
reedy,4
filth,2
spasm,3
heave,4
mambo,3
right,4
clank,3
trust,3
lumen,4
borne,3
spook,4
sauce,2
amber,3
lathe,2
carat,4
corer,5
dirty,3
slyly,4
affix,3
alloy,4
taint,2
sheep,4
kinky,4
wooly,5
mauve,4
flung,3
yacht,4
fried,4
quail,3
brunt,3
grimy,3
curvy,4
cagey,4
rinse,3
deuce,3
state,3
grasp,3
milky,4
bison,3
graft,4
sandy,3
baste,3
flask,3
hedge,4
girly,3
swash,4
boney,3
coupe,3
endow,3
abhor,3
welch,3
blade,3
tight,5
geese,3
miser,3
mirth,5
cloud,3
cabal,4
leech,3
close,2
tenth,4
pecan,4
droit,3
grail,4
clone,3
guise,3
ralph,4
tango,3
biddy,4
smith,3
mower,4
payee,4
serif,3
drape,3
fifth,3
spank,3
glaze,4
allot,3
truck,3
kayak,4
virus,4
testy,2
tepee,3
fully,4
zonal,4
metro,3
curry,3
grand,4
banjo,3
axion,3
bezel,4
occur,3
chain,4
nasal,3
gooey,4
filer,3
brace,3
allay,3
pubic,4
raven,3
plead,3
gnash,3
flaky,3
munch,5
dully,4
eking,4
thing,3
slink,3
hurry,4
theft,4
shorn,4
pygmy,4
ranch,3
wring,4
lemon,4
shore,3
mamma,4
froze,4
newer,4
style,3
moose,4
antic,3
drown,4
vegan,4
chess,3
guppy,4
union,3
lever,4
lorry,5
image,3
cabby,3
druid,3
exact,3
truth,3
dopey,3
spear,3
cried,3
chime,3
crony,3
stunk,4
timid,4
batch,4
gauge,3
rotor,4
crack,4
curve,4
latte,2
witch,6
bunch,3
repel,4
anvil,4
soapy,4
meter,3
broth,3
madly,3
dried,3
scene,3
known,4
magma,4
roost,3
woman,3
thong,3
punch,6
pasty,3
downy,4
knead,4
whirl,4
rapid,4
clang,3
anger,3
drive,4
goofy,4
email,3
music,3
stuff,5
bleep,3
rider,4
mecca,3
folio,3
setup,3
verso,3
quash,3
fauna,4
gummy,4
happy,4
newly,3
fussy,4
relic,3
guava,4
ratty,3
fudge,4
femur,4
chirp,3
forte,3
alibi,3
whine,4
petty,2
golly,4
plait,2
fleck,3
felon,3
gourd,3
brown,4
thrum,3
ficus,3
stash,3
decry,3
wiser,4
junta,3
visor,3
daunt,4
scree,3
impel,3
await,3
press,5
whose,4
turbo,3
stoop,3
speak,2
mangy,4
eying,5
inlet,4
crone,3
pulse,3
mossy,3
staid,3
hence,5
pinch,4
teddy,3
sully,3
snore,3
ripen,3
snowy,3
attic,3
going,4
leach,3
mouth,3
hound,4
clump,3
tonal,3
bigot,3
peril,4
piece,4
blame,4
haute,3
spied,3
undid,4
intro,3
basal,2
shine,3
gecko,4
rodeo,4
guard,4
steer,4
loamy,3
scamp,3
scram,3
manly,4
hello,5
vaunt,5
organ,4
feral,4
knock,3
extra,3
condo,4
adapt,3
willy,6
polka,3
rayon,3
skirt,4
faith,4
torso,3
match,4
mercy,4
tepid,4
sleek,2
riser,4
twixt,4
peace,3
flush,3
catty,4
login,4
eject,3
roger,5
rival,3
untie,3
refit,4
aorta,3
adult,3
judge,5
rower,5
artsy,3
rural,3
shave,6
